[{"id":77,"company":"John Deere","material":"Mild Steel","thickness":"0.75","partname":".75 Gussets","quantityexists":38,"quantitymax":0},{"id":38,"company":"Kramer Metal Fab","material":"Mild Steel","thickness":"0.375","partname":"KR-MA025 Rev-1","quantityexists":0,"quantitymax":0},{"id":1,"company":"Medalist","material":"Mild Steel","thickness":"0.25","partname":"TEST2","quantityexists":11,"quantitymax":10},{"id":37,"company":"Mobility Worldwide","material":"Mild Steel","thickness":"0.25","partname":"FB-200","quantityexists":0,"quantitymax":200},{"id":62,"company":"Northstar","material":"Mild Steel","thickness":"0.075 (14GA)","partname":"03-M-133-Rev A","quantityexists":3,"quantitymax":0},{"id":41,"company":"Northstar","material":"Mild Steel","thickness":"0.075 (14GA)","partname":"11-H-130","quantityexists":3,"quantitymax":0},{"id":20,"company":"Northstar","material":"Mild Steel","thickness":"0.105 (12GA)","partname":"10-B-066 Rev C","quantityexists":61,"quantitymax":65},{"id":56,"company":"Northstar","material":"Mild Steel","thickness":"0.105 (12GA)","partname":"11-D-046-Rev B","quantityexists":12,"quantitymax":0},{"id":67,"company":"Northstar","material":"Mild Steel","thickness":"0.105 (12GA)","partname":"11-R-013-Rev A","quantityexists":24,"quantitymax":0},{"id":50,"company":"Northstar","material":"Mild Steel","thickness":"0.12 (11GA)","partname":"02-M-175A","quantityexists":14,"quantitymax":0},{"id":57,"company":"Northstar","material":"Mild Steel","thickness":"0.12 (11GA)","partname":"03-B-072-Rev A","quantityexists":5,"quantitymax":0},{"id":69,"company":"Northstar","material":"Mild Steel","thickness":"0.12 (11GA)","partname":"03-M-124-Rev A","quantityexists":2,"quantitymax":0},{"id":68,"company":"Northstar","material":"Mild Steel","thickness":"0.12 (11GA)","partname":"08-S-053-3","quantityexists":1,"quantitymax":0},{"id":71,"company":"Northstar","material":"Mild Steel","thickness":"0.12 (11GA)","partname":"11-P-293-Rev E","quantityexists":2,"quantitymax":0},{"id":52,"company":"Northstar","material":"Mild Steel","thickness":"0.12 (11GA)","partname":"13-B-187-Rev A","quantityexists":8,"quantitymax":0},{"id":43,"company":"Northstar","material":"Mild Steel","thickness":"0.12 (11GA)","partname":"23-M-015-Rev A","quantityexists":9,"quantitymax":0},{"id":79,"company":"Northstar","material":"Mild Steel","thickness":"0.18 (7GA)","partname":"13-M-210-2-Rev A","quantityexists":4,"quantitymax":0},{"id":25,"company":"Northstar","material":"Mild Steel","thickness":"0.18 (7GA)","partname":"9810-24431","quantityexists":4,"quantitymax":0},{"id":42,"company":"Northstar","material":"Mild Steel","thickness":"0.18 (7GA)","partname":"9810-24432","quantityexists":4,"quantitymax":0},{"id":27,"company":"Northstar","material":"Mild Steel","thickness":"0.18 (7GA)","partname":"9810-24438","quantityexists":4,"quantitymax":0},{"id":28,"company":"Northstar","material":"Mild Steel","thickness":"0.18 (7GA)","partname":"9810-24439","quantityexists":4,"quantitymax":0},{"id":11,"company":"Northstar","material":"Mild Steel","thickness":"0.25","partname":"02-M-495 Rev C","quantityexists":17,"quantitymax":20},{"id":49,"company":"Northstar","material":"Mild Steel","thickness":"0.25","partname":"02-M-502-Rev A","quantityexists":32,"quantitymax":0},{"id":15,"company":"Northstar","material":"Mild Steel","thickness":"0.25","partname":"02-M-503-3 Rev A","quantityexists":26,"quantitymax":0},{"id":45,"company":"Northstar","material":"Mild Steel","thickness":"0.25","partname":"02-M-504-Rev A","quantityexists":2,"quantitymax":0},{"id":51,"company":"Northstar","material":"Mild Steel","thickness":"0.25","partname":"02-M-527 Rev B","quantityexists":2,"quantitymax":0},{"id":53,"company":"Northstar","material":"Mild Steel","thickness":"0.25","partname":"02-S-063-Rev F","quantityexists":2,"quantitymax":0},{"id":54,"company":"Northstar","material":"Mild Steel","thickness":"0.25","partname":"02-S-064-Rev E","quantityexists":2,"quantitymax":0},{"id":44,"company":"Northstar","material":"Mild Steel","thickness":"0.25","partname":"02-S-071","quantityexists":1,"quantitymax":0},{"id":66,"company":"Northstar","material":"Mild Steel","thickness":"0.25","partname":"08-FR-013-Rev C","quantityexists":4,"quantitymax":5},{"id":16,"company":"Northstar","material":"Mild Steel","thickness":"0.25","partname":"08-FR-014 Rev D","quantityexists":0,"quantitymax":0},{"id":17,"company":"Northstar","material":"Mild Steel","thickness":"0.25","partname":"08-FR-015 Rev D","quantityexists":0,"quantitymax":0},{"id":60,"company":"Northstar","material":"Mild Steel","thickness":"0.25","partname":"08-M-113","quantityexists":1,"quantitymax":0},{"id":10,"company":"Northstar","material":"Mild Steel","thickness":"0.25","partname":"10-B-082 Rev B","quantityexists":10,"quantitymax":0},{"id":75,"company":"Northstar","material":"Mild Steel","thickness":"0.25","partname":"10-M-059-Rev B","quantityexists":5,"quantitymax":0},{"id":74,"company":"Northstar","material":"Mild Steel","thickness":"0.25","partname":"10-M-061-Rev B","quantityexists":28,"quantitymax":0},{"id":78,"company":"Northstar","material":"Mild Steel","thickness":"0.25","partname":"11-S-133","quantityexists":4,"quantitymax":0},{"id":63,"company":"Northstar","material":"Mild Steel","thickness":"0.25","partname":"13-B-183-Rev B","quantityexists":13,"quantitymax":0},{"id":46,"company":"Northstar","material":"Mild Steel","thickness":"0.25","partname":"13-B-188-1B","quantityexists":3,"quantitymax":0},{"id":47,"company":"Northstar","material":"Mild Steel","thickness":"0.25","partname":"13-B-188-2B","quantityexists":2,"quantitymax":0},{"id":39,"company":"Northstar","material":"Mild Steel","thickness":"0.25","partname":"13-M-205","quantityexists":5,"quantitymax":0},{"id":22,"company":"Northstar","material":"Mild Steel","thickness":"0.25","partname":"13-M-205-1 Rev A","quantityexists":0,"quantitymax":0},{"id":29,"company":"Northstar","material":"Mild Steel","thickness":"0.25","partname":"13-M-205-2 Rev A","quantityexists":0,"quantitymax":0},{"id":23,"company":"Northstar","material":"Mild Steel","thickness":"0.25","partname":"17-E-008 Rev B","quantityexists":3,"quantitymax":0},{"id":24,"company":"Northstar","material":"Mild Steel","thickness":"0.25","partname":"18-B-023 Rev A","quantityexists":0,"quantitymax":0},{"id":26,"company":"Northstar","material":"Mild Steel","thickness":"0.25","partname":"R33830","quantityexists":0,"quantitymax":0},{"id":55,"company":"Northstar","material":"Mild Steel","thickness":"0.375","partname":"02-BE-360-Rev B","quantityexists":1,"quantitymax":0},{"id":12,"company":"Northstar","material":"Mild Steel","thickness":"0.375","partname":"02-M-434 Rev A","quantityexists":0,"quantitymax":0},{"id":30,"company":"Northstar","material":"Mild Steel","thickness":"0.375","partname":"02-M-468-1 Rev A","quantityexists":0,"quantitymax":0},{"id":31,"company":"Northstar","material":"Mild Steel","thickness":"0.375","partname":"02-M-468-2 Rev A","quantityexists":0,"quantitymax":0},{"id":32,"company":"Northstar","material":"Mild Steel","thickness":"0.375","partname":"02-M-468-3-Rev A","quantityexists":0,"quantitymax":0},{"id":70,"company":"Northstar","material":"Mild Steel","thickness":"0.375","partname":"08-B-153-2-Rev A","quantityexists":5,"quantitymax":0},{"id":18,"company":"Northstar","material":"Mild Steel","thickness":"0.375","partname":"08-M-114-2 Rev C","quantityexists":5,"quantitymax":0},{"id":19,"company":"Northstar","material":"Mild Steel","thickness":"0.375","partname":"08-M-114-3 Rev C","quantityexists":0,"quantitymax":0},{"id":59,"company":"Northstar","material":"Mild Steel","thickness":"0.375","partname":"08-M-115-3-Rev B","quantityexists":5,"quantitymax":0},{"id":58,"company":"Northstar","material":"Mild Steel","thickness":"0.375","partname":"08-M-115-Rev B","quantityexists":4,"quantitymax":0},{"id":48,"company":"Northstar","material":"Mild Steel","thickness":"0.375","partname":"08-M-144-1-Rev C","quantityexists":14,"quantitymax":0},{"id":76,"company":"Northstar","material":"Mild Steel","thickness":"0.375","partname":"46-M-018-Rev A","quantityexists":1,"quantitymax":0},{"id":72,"company":"Northstar","material":"Mild Steel","thickness":"0.5","partname":"02-M-462-Rev D","quantityexists":2,"quantitymax":0},{"id":73,"company":"Northstar","material":"Mild Steel","thickness":"0.5","partname":"02-M-463-Rev D","quantityexists":1,"quantitymax":0},{"id":33,"company":"Northstar","material":"Mild Steel","thickness":"0.5","partname":"02-M-503 Completed Unit","quantityexists":0,"quantitymax":0},{"id":13,"company":"Northstar","material":"Mild Steel","thickness":"0.5","partname":"02-M-503-1 Rev A","quantityexists":6,"quantitymax":0},{"id":14,"company":"Northstar","material":"Mild Steel","thickness":"0.5","partname":"02-M-503-2 Rev A","quantityexists":12,"quantitymax":0},{"id":65,"company":"Northstar","material":"Mild Steel","thickness":"0.5","partname":"02-M-528-Rev B","quantityexists":2,"quantitymax":0},{"id":40,"company":"Pella Corp","material":"Mild Steel","thickness":"0.06 (16GA)","partname":"Clamp Cylinder Guard","quantityexists":1,"quantitymax":0},{"id":64,"company":"Ring-O-Matic","material":"Mild Steel","thickness":"0.25","partname":"100357 Rev B","quantityexists":3,"quantitymax":0},{"id":34,"company":"Seal Force","material":"Mild Steel","thickness":"0.12 (11GA)","partname":"SFC-101","quantityexists":0,"quantitymax":0},{"id":36,"company":"Seal Force","material":"Mild Steel","thickness":"0.375","partname":"SFC-102","quantityexists":0,"quantitymax":0},{"id":35,"company":"Seal Force","material":"Mild Steel","thickness":"0.375","partname":"SFC-104 Rev B","quantityexists":0,"quantitymax":0}]