[{"id":165,"material":"Aluminum 3003","thickness":"0.06 (16GA)","length":120,"width":48.25,"quantity":1,"allocated":0},{"id":169,"material":"Aluminum 3003","thickness":"0.06 (16GA)","length":85.25,"width":48,"quantity":1,"allocated":0},{"id":202,"material":"Aluminum 3003","thickness":"0.06 (16GA)","length":63,"width":60,"quantity":1,"allocated":0},{"id":166,"material":"Aluminum 3003","thickness":"0.06 (16GA)","length":48,"width":24,"quantity":1,"allocated":0},{"id":167,"material":"Aluminum 3003","thickness":"0.06 (16GA)","length":39,"width":24,"quantity":1,"allocated":0},{"id":163,"material":"Aluminum 3003","thickness":"0.06 (16GA)","length":34.25,"width":26,"quantity":1,"allocated":0},{"id":168,"material":"Aluminum 3003","thickness":"0.06 (16GA)","length":33.25,"width":22.75,"quantity":1,"allocated":0},{"id":162,"material":"Aluminum 3003","thickness":"0.06 (16GA)","length":29,"width":14.5,"quantity":1,"allocated":0},{"id":164,"material":"Aluminum 3003","thickness":"0.06 (16GA)","length":25,"width":22.5,"quantity":1,"allocated":0},{"id":302,"material":"Aluminum 3003","thickness":"0.075 (14GA)","length":98.5,"width":12.75,"quantity":1,"allocated":0},{"id":264,"material":"Aluminum 3003","thickness":"0.075 (14GA)","length":71.25,"width":21.5,"quantity":1,"allocated":0},{"id":173,"material":"Aluminum 3003","thickness":"0.075 (14GA)","length":53.25,"width":25.5,"quantity":1,"allocated":0},{"id":170,"material":"Aluminum 3003","thickness":"0.075 (14GA)","length":48,"width":32.25,"quantity":1,"allocated":0},{"id":172,"material":"Aluminum 3003","thickness":"0.075 (14GA)","length":44,"width":27,"quantity":1,"allocated":0},{"id":171,"material":"Aluminum 3003","thickness":"0.075 (14GA)","length":34.25,"width":27.75,"quantity":1,"allocated":0},{"id":178,"material":"Aluminum 3003","thickness":"0.09 (13GA)","length":60,"width":47.5,"quantity":1,"allocated":0},{"id":175,"material":"Aluminum 3003","thickness":"0.09 (13GA)","length":58.25,"width":22.25,"quantity":1,"allocated":0},{"id":326,"material":"Aluminum 3003","thickness":"0.09 (13GA)","length":48,"width":39.25,"quantity":1,"allocated":0},{"id":177,"material":"Aluminum 3003","thickness":"0.09 (13GA)","length":41.75,"width":35.5,"quantity":1,"allocated":0},{"id":176,"material":"Aluminum 3003","thickness":"0.09 (13GA)","length":27,"width":21.5,"quantity":1,"allocated":0},{"id":180,"material":"Aluminum 3003","thickness":"0.1","length":73,"width":60,"quantity":1,"allocated":0},{"id":295,"material":"Aluminum 3003","thickness":"0.1","length":62,"width":23.25,"quantity":1,"allocated":0},{"id":296,"material":"Aluminum 3003","thickness":"0.1","length":52,"width":12.75,"quantity":1,"allocated":0},{"id":179,"material":"Aluminum 3003","thickness":"0.1","length":43.75,"width":22.75,"quantity":1,"allocated":0},{"id":183,"material":"Aluminum 3003","thickness":"0.1","length":39,"width":20.75,"quantity":1,"allocated":0},{"id":182,"material":"Aluminum 3003","thickness":"0.1","length":33.5,"width":29.25,"quantity":1,"allocated":0},{"id":187,"material":"Aluminum 3003","thickness":"0.12 (11GA)","length":54,"width":13.25,"quantity":1,"allocated":0},{"id":184,"material":"Aluminum 3003","thickness":"0.12 (11GA)","length":49,"width":18,"quantity":1,"allocated":0},{"id":185,"material":"Aluminum 3003","thickness":"0.12 (11GA)","length":48,"width":15.25,"quantity":1,"allocated":0},{"id":188,"material":"Aluminum 3003","thickness":"0.12 (11GA)","length":48,"width":14.75,"quantity":1,"allocated":0},{"id":203,"material":"Aluminum 3003","thickness":"0.12 (11GA)","length":47.75,"width":24,"quantity":1,"allocated":0},{"id":186,"material":"Aluminum 3003","thickness":"0.12 (11GA)","length":28,"width":28,"quantity":1,"allocated":0},{"id":194,"material":"Aluminum 3003","thickness":"0.18 (7GA)","length":60,"width":34.5,"quantity":1,"allocated":0},{"id":35,"material":"Aluminum 3003","thickness":"0.25","length":120,"width":60,"quantity":1,"allocated":0},{"id":265,"material":"Aluminum 3003","thickness":"0.25","length":74,"width":16.5,"quantity":1,"allocated":0},{"id":266,"material":"Aluminum 3003","thickness":"0.25","length":46,"width":31.25,"quantity":1,"allocated":0},{"id":201,"material":"Aluminum 5052","thickness":"0.12 (11GA)","length":120,"width":60,"quantity":1,"allocated":0},{"id":191,"material":"Aluminum 5052","thickness":"0.18 (7GA)","length":120,"width":60,"quantity":1,"allocated":0},{"id":190,"material":"Aluminum 5052","thickness":"0.18 (7GA)","length":120,"width":48,"quantity":1,"allocated":0},{"id":189,"material":"Aluminum 5052","thickness":"0.18 (7GA)","length":112,"width":48,"quantity":1,"allocated":0},{"id":197,"material":"Aluminum 5052","thickness":"0.25","length":62.25,"width":29.75,"quantity":1,"allocated":1},{"id":195,"material":"Aluminum 5052","thickness":"0.25","length":48,"width":26.75,"quantity":1,"allocated":0},{"id":196,"material":"Aluminum 5052","thickness":"0.25","length":29,"width":18,"quantity":1,"allocated":0},{"id":193,"material":"Aluminum 6061","thickness":"0.18 (7GA)","length":96,"width":48,"quantity":2,"allocated":0},{"id":192,"material":"Aluminum 6061","thickness":"0.18 (7GA)","length":60,"width":26,"quantity":1,"allocated":0},{"id":198,"material":"Aluminum 6061","thickness":"0.25","length":104.5,"width":48.5,"quantity":1,"allocated":0},{"id":206,"material":"Aluminum 6061","thickness":"0.25","length":83.75,"width":32,"quantity":1,"allocated":0},{"id":199,"material":"Aluminum 6061","thickness":"0.38","length":30,"width":18.75,"quantity":1,"allocated":0},{"id":200,"material":"Aluminum 6061","thickness":"0.38","length":23,"width":18,"quantity":1,"allocated":0},{"id":323,"material":"Mild Steel","thickness":"0.02 (SHIM)","length":24,"width":18.75,"quantity":1,"allocated":1},{"id":327,"material":"Mild Steel","thickness":"0.02 (SHIM)","length":24,"width":8.5,"quantity":1,"allocated":0},{"id":322,"material":"Mild Steel","thickness":"0.02 (SHIM)","length":13.25,"width":12.5,"quantity":1,"allocated":0},{"id":161,"material":"Mild Steel","thickness":"0.036 (20GA)","length":96,"width":48,"quantity":1,"allocated":0},{"id":250,"material":"Mild Steel","thickness":"0.036 (20GA)","length":42.75,"width":37.75,"quantity":1,"allocated":0},{"id":354,"material":"Mild Steel","thickness":"0.04 (SHIM)","length":36,"width":27,"quantity":1,"allocated":0},{"id":351,"material":"Mild Steel","thickness":"0.04 (SHIM)","length":36,"width":18,"quantity":1,"allocated":1},{"id":34,"material":"Mild Steel","thickness":"0.048 (18GA)","length":120,"width":60,"quantity":6,"allocated":0},{"id":312,"material":"Mild Steel","thickness":"0.048 (18GA)","length":96,"width":48,"quantity":0,"allocated":0},{"id":121,"material":"Mild Steel","thickness":"0.048 (18GA)","length":96,"width":40,"quantity":1,"allocated":0},{"id":444,"material":"Mild Steel","thickness":"0.048 (18GA)","length":60,"width":48.75,"quantity":1,"allocated":0},{"id":57,"material":"Mild Steel","thickness":"0.048 (18GA)","length":38.5,"width":16.5,"quantity":1,"allocated":0},{"id":140,"material":"Mild Steel","thickness":"0.06 (16GA)","length":120,"width":60,"quantity":12,"allocated":2},{"id":316,"material":"Mild Steel","thickness":"0.06 (16GA)","length":120,"width":48,"quantity":1,"allocated":0},{"id":143,"material":"Mild Steel","thickness":"0.06 (16GA)","length":89.25,"width":13,"quantity":1,"allocated":0},{"id":440,"material":"Mild Steel","thickness":"0.06 (16GA)","length":60.25,"width":13,"quantity":1,"allocated":0},{"id":439,"material":"Mild Steel","thickness":"0.06 (16GA)","length":51,"width":17.25,"quantity":1,"allocated":0},{"id":438,"material":"Mild Steel","thickness":"0.06 (16GA)","length":50.75,"width":16.5,"quantity":1,"allocated":0},{"id":443,"material":"Mild Steel","thickness":"0.06 (16GA)","length":48.5,"width":21.25,"quantity":1,"allocated":0},{"id":434,"material":"Mild Steel","thickness":"0.06 (16GA)","length":44.75,"width":15.25,"quantity":1,"allocated":0},{"id":431,"material":"Mild Steel","thickness":"0.06 (16GA)","length":43.75,"width":16.25,"quantity":1,"allocated":0},{"id":433,"material":"Mild Steel","thickness":"0.06 (16GA)","length":33,"width":14.5,"quantity":1,"allocated":0},{"id":430,"material":"Mild Steel","thickness":"0.06 (16GA)","length":30.5,"width":26.75,"quantity":1,"allocated":0},{"id":436,"material":"Mild Steel","thickness":"0.06 (16GA)","length":28.25,"width":25,"quantity":1,"allocated":0},{"id":435,"material":"Mild Steel","thickness":"0.06 (16GA)","length":28,"width":21.5,"quantity":1,"allocated":0},{"id":437,"material":"Mild Steel","thickness":"0.06 (16GA)","length":27.25,"width":20.25,"quantity":1,"allocated":0},{"id":442,"material":"Mild Steel","thickness":"0.06 (16GA)","length":27,"width":14.5,"quantity":1,"allocated":0},{"id":441,"material":"Mild Steel","thickness":"0.06 (16GA)","length":25.25,"width":22.5,"quantity":1,"allocated":0},{"id":432,"material":"Mild Steel","thickness":"0.06 (16GA)","length":20.5,"width":17,"quantity":1,"allocated":0},{"id":29,"material":"Mild Steel","thickness":"0.075 (14GA)","length":120,"width":60,"quantity":13,"allocated":2},{"id":141,"material":"Mild Steel","thickness":"0.075 (14GA)","length":120,"width":48,"quantity":1,"allocated":1},{"id":408,"material":"Mild Steel","thickness":"0.075 (14GA)","length":120,"width":24.75,"quantity":1,"allocated":0},{"id":406,"material":"Mild Steel","thickness":"0.075 (14GA)","length":120,"width":17,"quantity":1,"allocated":0},{"id":425,"material":"Mild Steel","thickness":"0.075 (14GA)","length":120,"width":14.25,"quantity":1,"allocated":0},{"id":426,"material":"Mild Steel","thickness":"0.075 (14GA)","length":112.25,"width":18.75,"quantity":1,"allocated":0},{"id":412,"material":"Mild Steel","thickness":"0.075 (14GA)","length":96.75,"width":24.75,"quantity":1,"allocated":0},{"id":405,"material":"Mild Steel","thickness":"0.075 (14GA)","length":89,"width":28,"quantity":1,"allocated":0},{"id":403,"material":"Mild Steel","thickness":"0.075 (14GA)","length":82.25,"width":26,"quantity":1,"allocated":0},{"id":415,"material":"Mild Steel","thickness":"0.075 (14GA)","length":79,"width":60.25,"quantity":1,"allocated":0},{"id":428,"material":"Mild Steel","thickness":"0.075 (14GA)","length":69.5,"width":19.75,"quantity":1,"allocated":0},{"id":427,"material":"Mild Steel","thickness":"0.075 (14GA)","length":66,"width":23.25,"quantity":1,"allocated":0},{"id":414,"material":"Mild Steel","thickness":"0.075 (14GA)","length":60.5,"width":16.75,"quantity":1,"allocated":0},{"id":117,"material":"Mild Steel","thickness":"0.075 (14GA)","length":60.25,"width":28.75,"quantity":1,"allocated":1},{"id":410,"material":"Mild Steel","thickness":"0.075 (14GA)","length":60.25,"width":13.75,"quantity":1,"allocated":0},{"id":402,"material":"Mild Steel","thickness":"0.075 (14GA)","length":60,"width":23.75,"quantity":1,"allocated":0},{"id":409,"material":"Mild Steel","thickness":"0.075 (14GA)","length":60,"width":23,"quantity":1,"allocated":0},{"id":419,"material":"Mild Steel","thickness":"0.075 (14GA)","length":59.75,"width":24,"quantity":1,"allocated":0},{"id":396,"material":"Mild Steel","thickness":"0.075 (14GA)","length":58.5,"width":21,"quantity":1,"allocated":0},{"id":413,"material":"Mild Steel","thickness":"0.075 (14GA)","length":56,"width":15.75,"quantity":1,"allocated":0},{"id":424,"material":"Mild Steel","thickness":"0.075 (14GA)","length":48.5,"width":24.25,"quantity":1,"allocated":0},{"id":407,"material":"Mild Steel","thickness":"0.075 (14GA)","length":47.75,"width":19.5,"quantity":1,"allocated":0},{"id":411,"material":"Mild Steel","thickness":"0.075 (14GA)","length":47,"width":11,"quantity":1,"allocated":0},{"id":422,"material":"Mild Steel","thickness":"0.075 (14GA)","length":42.25,"width":22.25,"quantity":1,"allocated":1},{"id":421,"material":"Mild Steel","thickness":"0.075 (14GA)","length":42.25,"width":21,"quantity":1,"allocated":0},{"id":116,"material":"Mild Steel","thickness":"0.075 (14GA)","length":42,"width":29.5,"quantity":1,"allocated":1},{"id":417,"material":"Mild Steel","thickness":"0.075 (14GA)","length":42,"width":24.5,"quantity":1,"allocated":0},{"id":416,"material":"Mild Steel","thickness":"0.075 (14GA)","length":37,"width":21.75,"quantity":1,"allocated":0},{"id":401,"material":"Mild Steel","thickness":"0.075 (14GA)","length":37,"width":20.5,"quantity":1,"allocated":0},{"id":418,"material":"Mild Steel","thickness":"0.075 (14GA)","length":33,"width":22.5,"quantity":1,"allocated":0},{"id":423,"material":"Mild Steel","thickness":"0.075 (14GA)","length":30.5,"width":23.5,"quantity":1,"allocated":0},{"id":420,"material":"Mild Steel","thickness":"0.075 (14GA)","length":29.5,"width":23,"quantity":2,"allocated":0},{"id":398,"material":"Mild Steel","thickness":"0.075 (14GA)","length":28.5,"width":23,"quantity":1,"allocated":0},{"id":400,"material":"Mild Steel","thickness":"0.075 (14GA)","length":28,"width":25.5,"quantity":1,"allocated":0},{"id":397,"material":"Mild Steel","thickness":"0.075 (14GA)","length":27.5,"width":23,"quantity":1,"allocated":0},{"id":399,"material":"Mild Steel","thickness":"0.075 (14GA)","length":25,"width":13.5,"quantity":1,"allocated":0},{"id":404,"material":"Mild Steel","thickness":"0.075 (14GA)","length":24,"width":23,"quantity":1,"allocated":0},{"id":353,"material":"Mild Steel","thickness":"0.08 (SHIM)","length":36,"width":13.25,"quantity":1,"allocated":1},{"id":30,"material":"Mild Steel","thickness":"0.105 (12GA)","length":120,"width":60,"quantity":12,"allocated":0},{"id":31,"material":"Mild Steel","thickness":"0.105 (12GA)","length":96,"width":60,"quantity":0,"allocated":0},{"id":95,"material":"Mild Steel","thickness":"0.105 (12GA)","length":72.25,"width":28.5,"quantity":1,"allocated":0},{"id":96,"material":"Mild Steel","thickness":"0.105 (12GA)","length":66,"width":48.5,"quantity":1,"allocated":0},{"id":86,"material":"Mild Steel","thickness":"0.105 (12GA)","length":60.25,"width":16,"quantity":1,"allocated":0},{"id":92,"material":"Mild Steel","thickness":"0.105 (12GA)","length":46.5,"width":15.25,"quantity":1,"allocated":0},{"id":91,"material":"Mild Steel","thickness":"0.105 (12GA)","length":42.75,"width":13.25,"quantity":1,"allocated":0},{"id":90,"material":"Mild Steel","thickness":"0.105 (12GA)","length":42.5,"width":28.75,"quantity":1,"allocated":1},{"id":87,"material":"Mild Steel","thickness":"0.105 (12GA)","length":40,"width":14.75,"quantity":1,"allocated":0},{"id":28,"material":"Mild Steel","thickness":"0.12 (11GA)","length":120,"width":60,"quantity":11,"allocated":1},{"id":340,"material":"Mild Steel","thickness":"0.12 (11GA)","length":107.25,"width":14.5,"quantity":2,"allocated":0},{"id":328,"material":"Mild Steel","thickness":"0.12 (11GA)","length":91.75,"width":9,"quantity":1,"allocated":0},{"id":392,"material":"Mild Steel","thickness":"0.12 (11GA)","length":62,"width":27.75,"quantity":1,"allocated":0},{"id":393,"material":"Mild Steel","thickness":"0.12 (11GA)","length":62,"width":25.75,"quantity":1,"allocated":0},{"id":329,"material":"Mild Steel","thickness":"0.12 (11GA)","length":60.5,"width":28.5,"quantity":1,"allocated":0},{"id":394,"material":"Mild Steel","thickness":"0.12 (11GA)","length":60.25,"width":21.75,"quantity":1,"allocated":1},{"id":390,"material":"Mild Steel","thickness":"0.12 (11GA)","length":60.25,"width":13,"quantity":1,"allocated":0},{"id":313,"material":"Mild Steel","thickness":"0.12 (11GA)","length":60.25,"width":11.5,"quantity":1,"allocated":0},{"id":337,"material":"Mild Steel","thickness":"0.12 (11GA)","length":60.25,"width":11,"quantity":1,"allocated":0},{"id":384,"material":"Mild Steel","thickness":"0.12 (11GA)","length":60,"width":39.5,"quantity":1,"allocated":1},{"id":369,"material":"Mild Steel","thickness":"0.12 (11GA)","length":56,"width":23.5,"quantity":1,"allocated":0},{"id":339,"material":"Mild Steel","thickness":"0.12 (11GA)","length":42.5,"width":13,"quantity":2,"allocated":0},{"id":366,"material":"Mild Steel","thickness":"0.12 (11GA)","length":33.75,"width":16,"quantity":1,"allocated":1},{"id":79,"material":"Mild Steel","thickness":"0.12 (11GA)","length":30,"width":26,"quantity":3,"allocated":0},{"id":447,"material":"Mild Steel","thickness":"0.12 (11GA)","length":28.5,"width":26.5,"quantity":1,"allocated":0},{"id":395,"material":"Mild Steel","thickness":"0.12 (11GA)","length":25.75,"width":19,"quantity":1,"allocated":0},{"id":27,"material":"Mild Steel","thickness":"0.135 (10GA)","length":120,"width":60,"quantity":12,"allocated":0},{"id":429,"material":"Mild Steel","thickness":"0.135 (10GA)","length":78.5,"width":60,"quantity":1,"allocated":0},{"id":368,"material":"Mild Steel","thickness":"0.135 (10GA)","length":38.5,"width":17,"quantity":1,"allocated":1},{"id":26,"material":"Mild Steel","thickness":"0.18 (7GA)","length":120,"width":60,"quantity":4,"allocated":0},{"id":381,"material":"Mild Steel","thickness":"0.18 (7GA)","length":120,"width":11,"quantity":1,"allocated":0},{"id":449,"material":"Mild Steel","thickness":"0.18 (7GA)","length":86.75,"width":60,"quantity":1,"allocated":0},{"id":379,"material":"Mild Steel","thickness":"0.18 (7GA)","length":74,"width":9,"quantity":1,"allocated":0},{"id":371,"material":"Mild Steel","thickness":"0.18 (7GA)","length":60.25,"width":25.75,"quantity":1,"allocated":1},{"id":335,"material":"Mild Steel","thickness":"0.18 (7GA)","length":60,"width":14.25,"quantity":1,"allocated":0},{"id":298,"material":"Mild Steel","thickness":"0.18 (7GA)","length":60,"width":10,"quantity":1,"allocated":0},{"id":336,"material":"Mild Steel","thickness":"0.18 (7GA)","length":49.75,"width":11.5,"quantity":1,"allocated":0},{"id":52,"material":"Mild Steel","thickness":"0.18 (7GA)","length":21.5,"width":18.25,"quantity":1,"allocated":0},{"id":24,"material":"Mild Steel","thickness":"0.25","length":120,"width":60,"quantity":11,"allocated":1},{"id":317,"material":"Mild Steel","thickness":"0.25","length":120,"width":48,"quantity":0,"allocated":0},{"id":350,"material":"Mild Steel","thickness":"0.25","length":109.5,"width":7.5,"quantity":1,"allocated":0},{"id":281,"material":"Mild Steel","thickness":"0.25","length":60.25,"width":13.5,"quantity":2,"allocated":0},{"id":450,"material":"Mild Steel","thickness":"0.25","length":60,"width":59,"quantity":1,"allocated":1},{"id":389,"material":"Mild Steel","thickness":"0.25","length":58.5,"width":21.5,"quantity":1,"allocated":0},{"id":349,"material":"Mild Steel","thickness":"0.25","length":57.5,"width":14.75,"quantity":1,"allocated":1},{"id":387,"material":"Mild Steel","thickness":"0.25","length":57.25,"width":48,"quantity":4,"allocated":1},{"id":388,"material":"Mild Steel","thickness":"0.25","length":57.25,"width":21.5,"quantity":1,"allocated":0},{"id":358,"material":"Mild Steel","thickness":"0.25","length":48,"width":28.5,"quantity":8,"allocated":1},{"id":341,"material":"Mild Steel","thickness":"0.25","length":48,"width":23,"quantity":1,"allocated":0},{"id":343,"material":"Mild Steel","thickness":"0.25","length":48,"width":21,"quantity":1,"allocated":1},{"id":363,"material":"Mild Steel","thickness":"0.25","length":48,"width":11,"quantity":1,"allocated":0},{"id":291,"material":"Mild Steel","thickness":"0.25","length":47,"width":13.25,"quantity":1,"allocated":0},{"id":386,"material":"Mild Steel","thickness":"0.25","length":42,"width":13,"quantity":1,"allocated":0},{"id":385,"material":"Mild Steel","thickness":"0.25","length":35,"width":31,"quantity":1,"allocated":1},{"id":367,"material":"Mild Steel","thickness":"0.25","length":32.75,"width":24.75,"quantity":1,"allocated":0},{"id":21,"material":"Mild Steel","thickness":"0.32","length":120,"width":60,"quantity":2,"allocated":0},{"id":22,"material":"Mild Steel","thickness":"0.32","length":88.5,"width":60,"quantity":1,"allocated":0},{"id":308,"material":"Mild Steel","thickness":"0.32","length":35,"width":31.5,"quantity":1,"allocated":0},{"id":306,"material":"Mild Steel","thickness":"0.32","length":24.75,"width":19,"quantity":1,"allocated":0},{"id":307,"material":"Mild Steel","thickness":"0.32","length":22,"width":16,"quantity":1,"allocated":1},{"id":19,"material":"Mild Steel","thickness":"0.375","length":120,"width":60,"quantity":14,"allocated":2},{"id":355,"material":"Mild Steel","thickness":"0.375","length":120,"width":48,"quantity":23,"allocated":23},{"id":448,"material":"Mild Steel","thickness":"0.375","length":120,"width":27.5,"quantity":1,"allocated":0},{"id":362,"material":"Mild Steel","thickness":"0.375","length":81,"width":60,"quantity":1,"allocated":1},{"id":344,"material":"Mild Steel","thickness":"0.375","length":60.25,"width":9.75,"quantity":1,"allocated":0},{"id":377,"material":"Mild Steel","thickness":"0.375","length":60,"width":52.5,"quantity":1,"allocated":0},{"id":357,"material":"Mild Steel","thickness":"0.375","length":28,"width":19,"quantity":1,"allocated":0},{"id":13,"material":"Mild Steel","thickness":"0.5","length":120,"width":60,"quantity":11,"allocated":0},{"id":15,"material":"Mild Steel","thickness":"0.5","length":55.25,"width":39.5,"quantity":1,"allocated":0},{"id":33,"material":"Mild Steel","thickness":"0.625","length":120,"width":60,"quantity":1,"allocated":0},{"id":320,"material":"Mild Steel","thickness":"0.625","length":75.75,"width":60,"quantity":1,"allocated":0},{"id":376,"material":"Mild Steel","thickness":"0.625","length":35,"width":10.5,"quantity":1,"allocated":0},{"id":276,"material":"Mild Steel","thickness":"0.625","length":11,"width":10.5,"quantity":1,"allocated":1},{"id":12,"material":"Mild Steel","thickness":"0.75","length":120,"width":60,"quantity":2,"allocated":0},{"id":373,"material":"Mild Steel","thickness":"0.75","length":63,"width":37.25,"quantity":1,"allocated":0},{"id":332,"material":"Mild Steel","thickness":"0.75","length":36.25,"width":7,"quantity":1,"allocated":0},{"id":446,"material":"Mild Steel","thickness":"0.875","length":56,"width":15,"quantity":8,"allocated":0},{"id":32,"material":"Mild Steel","thickness":"1","length":120,"width":60,"quantity":1,"allocated":0},{"id":279,"material":"Mild Steel","thickness":"1","length":60.5,"width":12.25,"quantity":1,"allocated":0},{"id":330,"material":"Mild Steel","thickness":"1","length":27.5,"width":10,"quantity":1,"allocated":0},{"id":160,"material":"Mild Steel Expanded Metal","thickness":"1\/2-#13","length":48,"width":32,"quantity":4,"allocated":0},{"id":255,"material":"Stainless Steel","thickness":"0.048 (18GA)","length":120,"width":60,"quantity":1,"allocated":0},{"id":257,"material":"Stainless Steel","thickness":"0.048 (18GA)","length":120,"width":48,"quantity":1,"allocated":0},{"id":256,"material":"Stainless Steel","thickness":"0.048 (18GA)","length":59,"width":59,"quantity":1,"allocated":0},{"id":259,"material":"Stainless Steel","thickness":"0.048 (18GA)","length":58.5,"width":48,"quantity":6,"allocated":0},{"id":261,"material":"Stainless Steel","thickness":"0.048 (18GA)","length":48,"width":34.25,"quantity":5,"allocated":0},{"id":258,"material":"Stainless Steel","thickness":"0.048 (18GA)","length":48,"width":25.5,"quantity":1,"allocated":0},{"id":228,"material":"Stainless Steel","thickness":"0.048 (18GA)","length":46,"width":20.75,"quantity":1,"allocated":0},{"id":260,"material":"Stainless Steel","thickness":"0.048 (18GA)","length":44,"width":30,"quantity":1,"allocated":0},{"id":262,"material":"Stainless Steel","thickness":"0.048 (18GA)","length":42,"width":25,"quantity":1,"allocated":0},{"id":445,"material":"Stainless Steel","thickness":"0.06 (16GA)","length":120,"width":60,"quantity":1,"allocated":0},{"id":208,"material":"Stainless Steel","thickness":"0.06 (16GA)","length":96,"width":48,"quantity":0,"allocated":0},{"id":212,"material":"Stainless Steel","thickness":"0.06 (16GA)","length":60,"width":48.75,"quantity":1,"allocated":0},{"id":218,"material":"Stainless Steel","thickness":"0.06 (16GA)","length":60,"width":23,"quantity":3,"allocated":0},{"id":219,"material":"Stainless Steel","thickness":"0.06 (16GA)","length":54,"width":23,"quantity":1,"allocated":0},{"id":217,"material":"Stainless Steel","thickness":"0.06 (16GA)","length":53.75,"width":20.5,"quantity":1,"allocated":0},{"id":211,"material":"Stainless Steel","thickness":"0.06 (16GA)","length":53,"width":48,"quantity":1,"allocated":0},{"id":225,"material":"Stainless Steel","thickness":"0.06 (16GA)","length":48,"width":45,"quantity":1,"allocated":0},{"id":224,"material":"Stainless Steel","thickness":"0.06 (16GA)","length":48,"width":44.5,"quantity":2,"allocated":0},{"id":226,"material":"Stainless Steel","thickness":"0.06 (16GA)","length":48,"width":44,"quantity":1,"allocated":0},{"id":222,"material":"Stainless Steel","thickness":"0.06 (16GA)","length":48,"width":43,"quantity":3,"allocated":0},{"id":223,"material":"Stainless Steel","thickness":"0.06 (16GA)","length":48,"width":42.5,"quantity":1,"allocated":0},{"id":220,"material":"Stainless Steel","thickness":"0.06 (16GA)","length":48,"width":33.25,"quantity":1,"allocated":0},{"id":215,"material":"Stainless Steel","thickness":"0.06 (16GA)","length":48,"width":26.5,"quantity":1,"allocated":0},{"id":221,"material":"Stainless Steel","thickness":"0.06 (16GA)","length":48,"width":15,"quantity":1,"allocated":0},{"id":216,"material":"Stainless Steel","thickness":"0.06 (16GA)","length":41,"width":32.75,"quantity":1,"allocated":0},{"id":214,"material":"Stainless Steel","thickness":"0.06 (16GA)","length":34.25,"width":27.5,"quantity":1,"allocated":0},{"id":42,"material":"Stainless Steel","thickness":"0.075 (14GA)","length":120,"width":48,"quantity":1,"allocated":0},{"id":236,"material":"Stainless Steel","thickness":"0.075 (14GA)","length":85.25,"width":48,"quantity":1,"allocated":0},{"id":239,"material":"Stainless Steel","thickness":"0.075 (14GA)","length":60,"width":51.25,"quantity":1,"allocated":0},{"id":238,"material":"Stainless Steel","thickness":"0.075 (14GA)","length":53.5,"width":23,"quantity":1,"allocated":0},{"id":241,"material":"Stainless Steel","thickness":"0.075 (14GA)","length":52.75,"width":22.5,"quantity":1,"allocated":0},{"id":237,"material":"Stainless Steel","thickness":"0.075 (14GA)","length":46.5,"width":18.75,"quantity":1,"allocated":0},{"id":246,"material":"Stainless Steel","thickness":"0.075 (14GA)","length":44,"width":28.5,"quantity":1,"allocated":1},{"id":240,"material":"Stainless Steel","thickness":"0.075 (14GA)","length":40.25,"width":24.25,"quantity":1,"allocated":0},{"id":242,"material":"Stainless Steel","thickness":"0.075 (14GA)","length":39.75,"width":15.25,"quantity":1,"allocated":0},{"id":243,"material":"Stainless Steel","thickness":"0.075 (14GA)","length":35.75,"width":31.5,"quantity":1,"allocated":0},{"id":245,"material":"Stainless Steel","thickness":"0.075 (14GA)","length":35.25,"width":23,"quantity":1,"allocated":0},{"id":263,"material":"Stainless Steel","thickness":"0.075 (14GA)","length":34.25,"width":20,"quantity":1,"allocated":1},{"id":244,"material":"Stainless Steel","thickness":"0.075 (14GA)","length":24,"width":24,"quantity":1,"allocated":1},{"id":247,"material":"Stainless Steel","thickness":"0.105 (12GA)","length":120,"width":11,"quantity":3,"allocated":0},{"id":293,"material":"Stainless Steel","thickness":"0.105 (12GA)","length":60.75,"width":48,"quantity":1,"allocated":0},{"id":249,"material":"Stainless Steel","thickness":"0.105 (12GA)","length":48,"width":26.75,"quantity":1,"allocated":0},{"id":248,"material":"Stainless Steel","thickness":"0.105 (12GA)","length":48,"width":24.25,"quantity":1,"allocated":0},{"id":45,"material":"Stainless Steel","thickness":"0.12 (11GA)","length":120,"width":60,"quantity":2,"allocated":0},{"id":230,"material":"Stainless Steel","thickness":"0.12 (11GA)","length":96,"width":48,"quantity":0,"allocated":0},{"id":234,"material":"Stainless Steel","thickness":"0.12 (11GA)","length":60,"width":34,"quantity":1,"allocated":1},{"id":235,"material":"Stainless Steel","thickness":"0.12 (11GA)","length":58,"width":58,"quantity":1,"allocated":0},{"id":232,"material":"Stainless Steel","thickness":"0.12 (11GA)","length":36.5,"width":18,"quantity":1,"allocated":0},{"id":253,"material":"Stainless Steel","thickness":"0.18 (7GA)","length":105.75,"width":18.5,"quantity":1,"allocated":0},{"id":252,"material":"Stainless Steel","thickness":"0.18 (7GA)","length":60,"width":18.5,"quantity":2,"allocated":0},{"id":254,"material":"Stainless Steel","thickness":"0.18 (7GA)","length":48,"width":21.25,"quantity":1,"allocated":1},{"id":44,"material":"Stainless Steel","thickness":"0.25","length":120,"width":60,"quantity":2,"allocated":0},{"id":43,"material":"Stainless Steel","thickness":"0.25","length":113,"width":48,"quantity":1,"allocated":0},{"id":229,"material":"Stainless Steel","thickness":"0.25","length":48,"width":25.5,"quantity":1,"allocated":0}]